[
  {
    "model": "BackendTennis.Render",
    "pk": "b058dacc-4fe8-4dcf-95cf-0db0a34101ca",
    "fields": {
      "id": "b058dacc-4fe8-4dcf-95cf-0db0a34101ca",
      "order": 0,
      "navBarPosition": "left",
      "visible": true,
      "type": "nav_bar",
      "isButton": false,
      "createAt": "2024-05-30T11:01:26.151680+02:00",
      "updateAt": "2024-05-30T11:01:26.151680+02:00"
    }
  },
  {
    "model": "BackendTennis.Render",
    "pk": "c1627a10-7112-41e7-b3ee-9159442944b6",
    "fields": {
      "id": "c1627a10-7112-41e7-b3ee-9159442944b6",
      "order": 0,
      "navBarPosition": "left",
      "visible": true,
      "type": "home_page",
      "color": "#0B103E33",
      "isButton": false,
      "createAt": "2024-05-30T11:01:26.151680+02:00",
      "updateAt": "2024-05-30T11:01:26.151680+02:00"
    }
  },
  {
    "model": "BackendTennis.PageRender",
    "pk": "0b898542-8354-4f7a-9f73-a714da704677",
    "fields": {
      "id": "0b898542-8354-4f7a-9f73-a714da704677",
      "route": "2cee040e-2605-432e-ad0c-c56b9eb584e1",
      "render": "c1627a10-7112-41e7-b3ee-9159442944b6",
      "createAt": "2024-05-30T11:01:26.151680+02:00",
      "updateAt": "2024-05-30T11:01:26.151680+02:00"
    }
  },
  {
    "model": "BackendTennis.NavigationItem",
    "pk": "518d101a-aeae-46cc-bf40-e1f95fb0372e",
    "fields": {
      "id": "518d101a-aeae-46cc-bf40-e1f95fb0372e",
      "title": "Adultes",
      "description": "Page Tarifs Adulte",
      "image": null,
      "route": "2cee040e-2605-432e-ad0c-c56b9eb584e1",
      "navBarRender": "b058dacc-4fe8-4dcf-95cf-0db0a34101ca",
      "pageRenders": [
        "0b898542-8354-4f7a-9f73-a714da704677"
      ],
      "childrenNavigationItems": [],
      "enabled": true,
      "createAt": "2024-05-30T11:01:26.151680+02:00",
      "updateAt": "2024-05-30T11:01:26.151680+02:00"
    }
  },
  {
    "model": "BackendTennis.Render",
    "pk": "02e68bbf-75f9-43cc-9b6d-e99ce1f2c960",
    "fields": {
      "id": "02e68bbf-75f9-43cc-9b6d-e99ce1f2c960",
      "order": 1,
      "navBarPosition": "left",
      "visible": true,
      "type": "nav_bar",
      "isButton": false,
      "createAt": "2024-05-30T11:01:26.151680+02:00",
      "updateAt": "2024-05-30T11:01:26.151680+02:00"
    }
  },
  {
    "model": "BackendTennis.Render",
    "pk": "92ae8f17-ff91-4fe0-8020-def555ae2cf2",
    "fields": {
      "id": "92ae8f17-ff91-4fe0-8020-def555ae2cf2",
      "order": 1,
      "navBarPosition": "left",
      "visible": true,
      "type": "home_page",
      "color": "#82842F33",
      "isButton": false,
      "createAt": "2024-05-30T11:01:26.151680+02:00",
      "updateAt": "2024-05-30T11:01:26.151680+02:00"
    }
  },
  {
    "model": "BackendTennis.PageRender",
    "pk": "fcbe65ab-9ec5-442c-9927-5b2680cd1a84",
    "fields": {
      "id": "fcbe65ab-9ec5-442c-9927-5b2680cd1a84",
      "route": "48375a4d-e7da-4d1a-b1d0-12ace60830f3",
      "render": "92ae8f17-ff91-4fe0-8020-def555ae2cf2",
      "createAt": "2024-05-30T11:01:26.151680+02:00",
      "updateAt": "2024-05-30T11:01:26.151680+02:00"
    }
  },
  {
    "model": "BackendTennis.NavigationItem",
    "pk": "a022b1dc-87db-4c16-a34f-f0f2c98bf01d",
    "fields": {
      "id": "a022b1dc-87db-4c16-a34f-f0f2c98bf01d",
      "title": "Enfants",
      "description": "Page Tarifs Enfants",
      "image": null,
      "route": "48375a4d-e7da-4d1a-b1d0-12ace60830f3",
      "navBarRender": "02e68bbf-75f9-43cc-9b6d-e99ce1f2c960",
      "pageRenders": [
        "fcbe65ab-9ec5-442c-9927-5b2680cd1a84"
      ],
      "childrenNavigationItems": [],
      "enabled": true,
      "createAt": "2024-05-30T11:01:26.151680+02:00",
      "updateAt": "2024-05-30T11:01:26.151680+02:00"
    }
  },
  {
    "model": "BackendTennis.Render",
    "pk": "7650e3cc-e7af-4d53-9208-137a37c435ad",
    "fields": {
      "id": "7650e3cc-e7af-4d53-9208-137a37c435ad",
      "order": 2,
      "navBarPosition": "left",
      "visible": true,
      "type": "nav_bar",
      "isButton": false,
      "createAt": "2024-05-30T11:01:26.151680+02:00",
      "updateAt": "2024-05-30T11:01:26.151680+02:00"
    }
  },
  {
    "model": "BackendTennis.Render",
    "pk": "a890ef38-7719-49ab-ac90-38c4e6ed9f19",
    "fields": {
      "id": "a890ef38-7719-49ab-ac90-38c4e6ed9f19",
      "order": 2,
      "navBarPosition": "left",
      "visible": true,
      "type": "home_page",
      "color": "#C1000033",
      "isButton": false,
      "createAt": "2024-05-30T11:01:26.151680+02:00",
      "updateAt": "2024-05-30T11:01:26.151680+02:00"
    }
  },
  {
    "model": "BackendTennis.PageRender",
    "pk": "1d4f6fad-e9d8-45d5-8754-4c5729bf712d",
    "fields": {
      "id": "1d4f6fad-e9d8-45d5-8754-4c5729bf712d",
      "route": "db384a2c-6d33-4323-98d3-251cb940162a",
      "render": "a890ef38-7719-49ab-ac90-38c4e6ed9f19",
      "createAt": "2024-05-30T11:01:26.151680+02:00",
      "updateAt": "2024-05-30T11:01:26.151680+02:00"
    }
  },
  {
    "model": "BackendTennis.NavigationItem",
    "pk": "da5f76bf-b80d-48a9-975e-3bc5c3856c5e",
    "fields": {
      "id": "da5f76bf-b80d-48a9-975e-3bc5c3856c5e",
      "title": "Autres",
      "description": "Page Tarifs Autres",
      "image": null,
      "route": "db384a2c-6d33-4323-98d3-251cb940162a",
      "navBarRender": "7650e3cc-e7af-4d53-9208-137a37c435ad",
      "pageRenders": [
        "1d4f6fad-e9d8-45d5-8754-4c5729bf712d"
      ],
      "childrenNavigationItems": [],
      "enabled": true,
      "createAt": "2024-05-30T11:01:26.151680+02:00",
      "updateAt": "2024-05-30T11:01:26.151680+02:00"
    }
  },
  {
    "model": "BackendTennis.Render",
    "pk": "6901575b-3c97-4f7c-b7ef-eb35fbd59a00",
    "fields": {
      "id": "6901575b-3c97-4f7c-b7ef-eb35fbd59a00",
      "order": 5,
      "navBarPosition": "left",
      "visible": true,
      "type": "nav_bar",
      "isButton": false,
      "createAt": "2024-05-30T11:01:26.151680+02:00",
      "updateAt": "2024-05-30T11:01:26.151680+02:00"
    }
  },
  {
    "model": "BackendTennis.Render",
    "pk": "f1f10b47-9cba-43d5-b55e-4ef4231ed894",
    "fields": {
      "id": "f1f10b47-9cba-43d5-b55e-4ef4231ed894",
      "order": 5,
      "navBarPosition": "left",
      "visible": true,
      "type": "home_page",
      "isButton": false,
      "createAt": "2024-05-30T11:01:26.151680+02:00",
      "updateAt": "2024-05-30T11:01:26.151680+02:00"
    }
  },
  {
    "model": "BackendTennis.PageRender",
    "pk": "4c9a5a2d-81af-4aaa-8133-185b41128119",
    "fields": {
      "id": "4c9a5a2d-81af-4aaa-8133-185b41128119",
      "route": null,
      "render": "f1f10b47-9cba-43d5-b55e-4ef4231ed894",
      "createAt": "2024-05-30T11:01:26.151680+02:00",
      "updateAt": "2024-05-30T11:01:26.151680+02:00"
    }
  },
  {
    "model": "BackendTennis.NavigationItem",
    "pk": "a6586249-b031-4868-835d-59cf7e72c1d0",
    "fields": {
      "id": "a6586249-b031-4868-835d-59cf7e72c1d0",
      "title": "Tarifs",
      "description": "Tarifs",
      "image": "e8a7a97d-aca8-4a73-9893-ac52308cb6e7",
      "route": null,
      "navBarRender": "6901575b-3c97-4f7c-b7ef-eb35fbd59a00",
      "pageRenders": [
        "4c9a5a2d-81af-4aaa-8133-185b41128119"
      ],
      "childrenNavigationItems": [
        "518d101a-aeae-46cc-bf40-e1f95fb0372e",
        "a022b1dc-87db-4c16-a34f-f0f2c98bf01d",
        "da5f76bf-b80d-48a9-975e-3bc5c3856c5e"
      ],
      "enabled": true,
      "createAt": "2024-05-30T11:01:26.151680+02:00",
      "updateAt": "2024-05-30T11:01:26.151680+02:00"
    }
  },
  {
    "model": "BackendTennis.Render",
    "pk": "ef152cff-0ee1-4ac6-bb6f-de56f3c5176c",
    "fields": {
      "id": "ef152cff-0ee1-4ac6-bb6f-de56f3c5176c",
      "order": 0,
      "navBarPosition": "left",
      "visible": true,
      "type": "nav_bar",
      "isButton": false,
      "createAt": "2024-05-30T11:01:26.151680+02:00",
      "updateAt": "2024-05-30T11:01:26.151680+02:00"
    }
  },
  {
    "model": "BackendTennis.Render",
    "pk": "ae521c70-00cc-42a0-b2e3-b175b7b6562f",
    "fields": {
      "id": "ae521c70-00cc-42a0-b2e3-b175b7b6562f",
      "order": 0,
      "navBarPosition": "left",
      "visible": true,
      "type": "home_page",
      "color": "#82842F33",
      "isButton": false,
      "createAt": "2024-05-30T11:01:26.151680+02:00",
      "updateAt": "2024-05-30T11:01:26.151680+02:00"
    }
  },
  {
    "model": "BackendTennis.PageRender",
    "pk": "2a199419-033e-49fd-9ff7-0092795c84d1",
    "fields": {
      "id": "2a199419-033e-49fd-9ff7-0092795c84d1",
      "route": "cdb88ded-f093-4438-9ff2-eff3510c0edf",
      "render": "ae521c70-00cc-42a0-b2e3-b175b7b6562f",
      "createAt": "2024-05-30T11:01:26.151680+02:00",
      "updateAt": "2024-05-30T11:01:26.151680+02:00"
    }
  },
  {
    "model": "BackendTennis.NavigationItem",
    "pk": "4364c037-761b-4a3d-b56e-2dc1e664c565",
    "fields": {
      "id": "4364c037-761b-4a3d-b56e-2dc1e664c565",
      "title": "À propos",
      "description": "Page À propos",
      "image": null,
      "route": "cdb88ded-f093-4438-9ff2-eff3510c0edf",
      "navBarRender": "ef152cff-0ee1-4ac6-bb6f-de56f3c5176c",
      "pageRenders": [
        "2a199419-033e-49fd-9ff7-0092795c84d1"
      ],
      "childrenNavigationItems": [],
      "enabled": true,
      "createAt": "2024-05-30T11:01:26.151680+02:00",
      "updateAt": "2024-05-30T11:01:26.151680+02:00"
    }
  },
  {
    "model": "BackendTennis.Render",
    "pk": "76a68512-14e0-4f03-9cc9-8d2ed7eeca17",
    "fields": {
      "id": "76a68512-14e0-4f03-9cc9-8d2ed7eeca17",
      "order": 1,
      "navBarPosition": "left",
      "visible": true,
      "type": "nav_bar",
      "isButton": false,
      "createAt": "2024-05-30T11:01:26.151680+02:00",
      "updateAt": "2024-05-30T11:01:26.151680+02:00"
    }
  },
  {
    "model": "BackendTennis.Render",
    "pk": "0b9f3623-899b-4de3-8864-274b58245e86",
    "fields": {
      "id": "0b9f3623-899b-4de3-8864-274b58245e86",
      "order": 1,
      "navBarPosition": "left",
      "visible": true,
      "type": "home_page",
      "color": "#0B103E33",
      "isButton": false,
      "createAt": "2024-05-30T11:01:26.151680+02:00",
      "updateAt": "2024-05-30T11:01:26.151680+02:00"
    }
  },
  {
    "model": "BackendTennis.PageRender",
    "pk": "53b1f560-41fa-47e2-b706-b38597bcea78",
    "fields": {
      "id": "53b1f560-41fa-47e2-b706-b38597bcea78",
      "route": "59e71409-daab-4e13-93cc-4e4d435b6dc1",
      "render": "0b9f3623-899b-4de3-8864-274b58245e86",
      "createAt": "2024-05-30T11:01:26.151680+02:00",
      "updateAt": "2024-05-30T11:01:26.151680+02:00"
    }
  },
  {
    "model": "BackendTennis.NavigationItem",
    "pk": "b241b6a3-aca2-42b3-bcca-7eb98ad70164",
    "fields": {
      "id": "b241b6a3-aca2-42b3-bcca-7eb98ad70164",
      "title": "L'équipe",
      "description": "Page L'équipe",
      "image": null,
      "route": "59e71409-daab-4e13-93cc-4e4d435b6dc1",
      "navBarRender": "76a68512-14e0-4f03-9cc9-8d2ed7eeca17",
      "pageRenders": [
        "53b1f560-41fa-47e2-b706-b38597bcea78"
      ],
      "childrenNavigationItems": [],
      "enabled": true,
      "createAt": "2024-05-30T11:01:26.151680+02:00",
      "updateAt": "2024-05-30T11:01:26.151680+02:00"
    }
  },
  {
    "model": "BackendTennis.Render",
    "pk": "148e78fe-9740-499d-b697-4d04ca3fd234",
    "fields": {
      "id": "148e78fe-9740-499d-b697-4d04ca3fd234",
      "order": 6,
      "navBarPosition": "left",
      "visible": true,
      "type": "nav_bar",
      "isButton": false,
      "createAt": "2024-05-30T11:01:26.151680+02:00",
      "updateAt": "2024-05-30T11:01:26.151680+02:00"
    }
  },
  {
    "model": "BackendTennis.Render",
    "pk": "39107e49-63e2-4d4b-bb70-b88b7b8d0314",
    "fields": {
      "id": "39107e49-63e2-4d4b-bb70-b88b7b8d0314",
      "order": 6,
      "navBarPosition": "left",
      "visible": true,
      "type": "home_page",
      "isButton": false,
      "createAt": "2024-05-30T11:01:26.151680+02:00",
      "updateAt": "2024-05-30T11:01:26.151680+02:00"
    }
  },
  {
    "model": "BackendTennis.PageRender",
    "pk": "fa67cdfa-1243-4bbe-bc2e-48c3e05abb18",
    "fields": {
      "id": "fa67cdfa-1243-4bbe-bc2e-48c3e05abb18",
      "route": null,
      "render": "39107e49-63e2-4d4b-bb70-b88b7b8d0314",
      "createAt": "2024-05-30T11:01:26.151680+02:00",
      "updateAt": "2024-05-30T11:01:26.151680+02:00"
    }
  },
  {
    "model": "BackendTennis.NavigationItem",
    "pk": "3fe77b9c-4a8b-44e3-9ef1-cdaa7d01cffe",
    "fields": {
      "id": "3fe77b9c-4a8b-44e3-9ef1-cdaa7d01cffe",
      "title": "À propos / L'équipe",
      "description": "Groupe À propos / L'équipe",
      "image": "83dddc5e-4390-4851-bc90-a250094ba0b3",
      "route": null,
      "navBarRender": "148e78fe-9740-499d-b697-4d04ca3fd234",
      "pageRenders": [
        "fa67cdfa-1243-4bbe-bc2e-48c3e05abb18"
      ],
      "childrenNavigationItems": [
        "4364c037-761b-4a3d-b56e-2dc1e664c565",
        "b241b6a3-aca2-42b3-bcca-7eb98ad70164"
      ],
      "enabled": true,
      "createAt": "2024-05-30T11:01:26.151680+02:00",
      "updateAt": "2024-05-30T11:01:26.151680+02:00"
    }
  },
  {
    "model": "BackendTennis.Render",
    "pk": "83974be7-0c70-4723-b494-7e7496f42058",
    "fields": {
      "id": "83974be7-0c70-4723-b494-7e7496f42058",
      "order": 0,
      "navBarPosition": "left",
      "visible": true,
      "type": "nav_bar",
      "isButton": false,
      "createAt": "2024-05-30T11:01:26.151680+02:00",
      "updateAt": "2024-05-30T11:01:26.151680+02:00"
    }
  },
  {
    "model": "BackendTennis.Render",
    "pk": "8f6b2aba-3791-4aa0-8d2d-b0971a4f38f3",
    "fields": {
      "id": "8f6b2aba-3791-4aa0-8d2d-b0971a4f38f3",
      "order": 0,
      "navBarPosition": "left",
      "visible": true,
      "type": "home_page",
      "isButton": false,
      "createAt": "2024-05-30T11:01:26.151680+02:00",
      "updateAt": "2024-05-30T11:01:26.151680+02:00"
    }
  },
  {
    "model": "BackendTennis.PageRender",
    "pk": "e854c62d-cdf9-416b-947e-9a671315e612",
    "fields": {
      "id": "e854c62d-cdf9-416b-947e-9a671315e612",
      "route": "404d9993-6391-4876-979b-e8317408bcc2",
      "render": "8f6b2aba-3791-4aa0-8d2d-b0971a4f38f3",
      "createAt": "2024-05-30T11:01:26.151680+02:00",
      "updateAt": "2024-05-30T11:01:26.151680+02:00"
    }
  },
  {
    "model": "BackendTennis.NavigationItem",
    "pk": "68488ae3-994e-4221-b677-b55addeff6c1",
    "fields": {
      "id": "68488ae3-994e-4221-b677-b55addeff6c1",
      "title": "Accueil",
      "description": "C'est l'accueil",
      "image": null,
      "route": "404d9993-6391-4876-979b-e8317408bcc2",
      "navBarRender": "83974be7-0c70-4723-b494-7e7496f42058",
      "pageRenders": [
        "e854c62d-cdf9-416b-947e-9a671315e612"
      ],
      "childrenNavigationItems": [],
      "enabled": true,
      "createAt": "2024-05-30T11:01:26.151680+02:00",
      "updateAt": "2024-05-30T11:01:26.151680+02:00"
    }
  },
  {
    "model": "BackendTennis.Render",
    "pk": "9de01c28-9af9-4f05-a76d-3d262320d447",
    "fields": {
      "id": "9de01c28-9af9-4f05-a76d-3d262320d447",
      "order": 1,
      "navBarPosition": "left",
      "visible": true,
      "type": "nav_bar",
      "isButton": false,
      "createAt": "2024-05-30T11:01:26.151680+02:00",
      "updateAt": "2024-05-30T11:01:26.151680+02:00"
    }
  },
  {
    "model": "BackendTennis.Render",
    "pk": "f7207366-98a0-4926-b7ce-28f610479227",
    "fields": {
      "id": "f7207366-98a0-4926-b7ce-28f610479227",
      "order": 1,
      "navBarPosition": "left",
      "visible": true,
      "type": "home_page",
      "isButton": false,
      "createAt": "2024-05-30T11:01:26.151680+02:00",
      "updateAt": "2024-05-30T11:01:26.151680+02:00"
    }
  },
  {
    "model": "BackendTennis.PageRender",
    "pk": "988ee0fc-dbec-4925-a717-f6de7d56de93",
    "fields": {
      "id": "988ee0fc-dbec-4925-a717-f6de7d56de93",
      "route": "3a66176f-48a5-4e9f-96e7-1c121f5cfb87",
      "render": "f7207366-98a0-4926-b7ce-28f610479227",
      "createAt": "2024-05-30T11:01:26.151680+02:00",
      "updateAt": "2024-05-30T11:01:26.151680+02:00"
    }
  },
  {
    "model": "BackendTennis.NavigationItem",
    "pk": "e70f0595-0a1b-49ba-8b7e-ba95dc313952",
    "fields": {
      "id": "e70f0595-0a1b-49ba-8b7e-ba95dc313952",
      "title": "Actualité",
      "description": "Page actualité",
      "image": "1e16ede0-e30c-4f02-a703-b9f90fb192d6",
      "route": "3a66176f-48a5-4e9f-96e7-1c121f5cfb87",
      "navBarRender": null,
      "pageRenders": [
        "988ee0fc-dbec-4925-a717-f6de7d56de93"
      ],
      "childrenNavigationItems": [],
      "enabled": true,
      "createAt": "2024-05-30T11:01:26.151680+02:00",
      "updateAt": "2024-05-30T11:01:26.151680+02:00"
    }
  },
  {
    "model": "BackendTennis.Render",
    "pk": "c9ca1fe2-b21c-40a7-8640-96cf6ba980fa",
    "fields": {
      "id": "c9ca1fe2-b21c-40a7-8640-96cf6ba980fa",
      "order": 2,
      "navBarPosition": "left",
      "visible": true,
      "type": "nav_bar",
      "isButton": false,
      "createAt": "2024-05-30T11:01:26.151680+02:00",
      "updateAt": "2024-05-30T11:01:26.151680+02:00"
    }
  },
  {
    "model": "BackendTennis.Render",
    "pk": "26bb67d5-ddd1-48ea-b207-3186c59ada67",
    "fields": {
      "id": "26bb67d5-ddd1-48ea-b207-3186c59ada67",
      "order": 2,
      "navBarPosition": "left",
      "visible": true,
      "type": "home_page",
      "isButton": false,
      "createAt": "2024-05-30T11:01:26.151680+02:00",
      "updateAt": "2024-05-30T11:01:26.151680+02:00"
    }
  },
  {
    "model": "BackendTennis.PageRender",
    "pk": "3ceab08f-0938-43c5-9962-0584357a809b",
    "fields": {
      "id": "3ceab08f-0938-43c5-9962-0584357a809b",
      "route": "d3d960e0-05c4-42fb-a29e-d802211e5486",
      "render": "26bb67d5-ddd1-48ea-b207-3186c59ada67",
      "createAt": "2024-05-30T11:01:26.151680+02:00",
      "updateAt": "2024-05-30T11:01:26.151680+02:00"
    }
  },
  {
    "model": "BackendTennis.NavigationItem",
    "pk": "f9b177d7-f60e-4e5a-95e1-e67663dc81f0",
    "fields": {
      "id": "f9b177d7-f60e-4e5a-95e1-e67663dc81f0",
      "title": "Animations",
      "description": "Page Animations",
      "image": "c63bdfbb-7462-4fbd-935d-8c08dcd8fe52",
      "route": "d3d960e0-05c4-42fb-a29e-d802211e5486",
      "navBarRender": "c9ca1fe2-b21c-40a7-8640-96cf6ba980fa",
      "pageRenders": [
        "3ceab08f-0938-43c5-9962-0584357a809b"
      ],
      "childrenNavigationItems": [],
      "enabled": true,
      "createAt": "2024-05-30T11:01:26.151680+02:00",
      "updateAt": "2024-05-30T11:01:26.151680+02:00"
    }
  },
  {
    "model": "BackendTennis.Render",
    "pk": "e4742354-ae7c-4bdb-9b9b-cb98055510e0",
    "fields": {
      "id": "e4742354-ae7c-4bdb-9b9b-cb98055510e0",
      "order": 3,
      "navBarPosition": "left",
      "visible": true,
      "type": "nav_bar",
      "isButton": false,
      "createAt": "2024-05-30T11:01:26.151680+02:00",
      "updateAt": "2024-05-30T11:01:26.151680+02:00"
    }
  },
  {
    "model": "BackendTennis.Render",
    "pk": "9c123d4c-7a4a-4de3-82de-030ce6090644",
    "fields": {
      "id": "9c123d4c-7a4a-4de3-82de-030ce6090644",
      "order": 3,
      "navBarPosition": "left",
      "visible": true,
      "type": "home_page",
      "isButton": false,
      "createAt": "2024-05-30T11:01:26.151680+02:00",
      "updateAt": "2024-05-30T11:01:26.151680+02:00"
    }
  },
  {
    "model": "BackendTennis.PageRender",
    "pk": "99d55bed-3b75-4ebf-86fe-1220ec3888ff",
    "fields": {
      "id": "99d55bed-3b75-4ebf-86fe-1220ec3888ff",
      "route": "e050c671-86ed-4514-9e46-57d60ac63cd8",
      "render": "9c123d4c-7a4a-4de3-82de-030ce6090644",
      "createAt": "2024-05-30T11:01:26.151680+02:00",
      "updateAt": "2024-05-30T11:01:26.151680+02:00"
    }
  },
  {
    "model": "BackendTennis.NavigationItem",
    "pk": "e9d72450-4ea2-4a4e-89e9-f9665b21a931",
    "fields": {
      "id": "e9d72450-4ea2-4a4e-89e9-f9665b21a931",
      "title": "Calendrier",
      "description": "Page Calendrier",
      "image": "784d9f5c-9bd3-48ff-9451-88a1d92e24f4",
      "route": "e050c671-86ed-4514-9e46-57d60ac63cd8",
      "navBarRender": "e4742354-ae7c-4bdb-9b9b-cb98055510e0",
      "pageRenders": [
        "99d55bed-3b75-4ebf-86fe-1220ec3888ff"
      ],
      "childrenNavigationItems": [],
      "enabled": true,
      "createAt": "2024-05-30T11:01:26.151680+02:00",
      "updateAt": "2024-05-30T11:01:26.151680+02:00"
    }
  },
  {
    "model": "BackendTennis.Render",
    "pk": "2e38a78a-d787-4472-a15b-ca189e7e869d",
    "fields": {
      "id": "2e38a78a-d787-4472-a15b-ca189e7e869d",
      "order": 4,
      "navBarPosition": "left",
      "visible": true,
      "type": "nav_bar",
      "isButton": false,
      "createAt": "2024-05-30T11:01:26.151680+02:00",
      "updateAt": "2024-05-30T11:01:26.151680+02:00"
    }
  },
  {
    "model": "BackendTennis.Render",
    "pk": "cc97ef90-3416-485e-b4c3-87a05c7c94bb",
    "fields": {
      "id": "cc97ef90-3416-485e-b4c3-87a05c7c94bb",
      "order": 4,
      "navBarPosition": "left",
      "visible": true,
      "type": "home_page",
      "isButton": false,
      "createAt": "2024-05-30T11:01:26.151680+02:00",
      "updateAt": "2024-05-30T11:01:26.151680+02:00"
    }
  },
  {
    "model": "BackendTennis.PageRender",
    "pk": "3cfc48c1-3a09-4261-9ab4-f21c9681febc",
    "fields": {
      "id": "3cfc48c1-3a09-4261-9ab4-f21c9681febc",
      "route": "787c1dd0-2f20-459e-90e7-1aeaf509802e",
      "render": "cc97ef90-3416-485e-b4c3-87a05c7c94bb",
      "createAt": "2024-05-30T11:01:26.151680+02:00",
      "updateAt": "2024-05-30T11:01:26.151680+02:00"
    }
  },
  {
    "model": "BackendTennis.NavigationItem",
    "pk": "21182a26-cf2f-4eec-8396-7a47e921c34f",
    "fields": {
      "id": "21182a26-cf2f-4eec-8396-7a47e921c34f",
      "title": "Galerie Photos",
      "description": "Page Galerie Photos",
      "image": "839fb032-def3-46bb-aa10-8e4224888272",
      "route": "787c1dd0-2f20-459e-90e7-1aeaf509802e",
      "navBarRender": "2e38a78a-d787-4472-a15b-ca189e7e869d",
      "pageRenders": [
        "3cfc48c1-3a09-4261-9ab4-f21c9681febc"
      ],
      "childrenNavigationItems": [],
      "enabled": true,
      "createAt": "2024-05-30T11:01:26.151680+02:00",
      "updateAt": "2024-05-30T11:01:26.151680+02:00"
    }
  },
  {
    "model": "BackendTennis.Render",
    "pk": "29492463-6c2c-4128-bd29-07b5b930180b",
    "fields": {
      "id": "29492463-6c2c-4128-bd29-07b5b930180b",
      "order": 0,
      "navBarPosition": "right",
      "visible": true,
      "type": "nav_bar",
      "isButton": false,
      "createAt": "2024-05-30T11:01:26.151680+02:00",
      "updateAt": "2024-05-30T11:01:26.151680+02:00"
    }
  },
  {
    "model": "BackendTennis.Render",
    "pk": "e269004d-7dc2-480f-ae47-4fae9463a67d",
    "fields": {
      "id": "e269004d-7dc2-480f-ae47-4fae9463a67d",
      "order": 0,
      "navBarPosition": "right",
      "visible": true,
      "type": "home_page",
      "color": "#C1000033",
      "isButton": false,
      "createAt": "2024-05-30T11:01:26.151680+02:00",
      "updateAt": "2024-05-30T11:01:26.151680+02:00"
    }
  },
  {
    "model": "BackendTennis.PageRender",
    "pk": "7b6d520d-6996-4e88-bc46-7c707dcabb49",
    "fields": {
      "id": "7b6d520d-6996-4e88-bc46-7c707dcabb49",
      "route": "f2004859-1825-4501-b9a3-e7e249916715",
      "render": "e269004d-7dc2-480f-ae47-4fae9463a67d",
      "createAt": "2024-05-30T11:01:26.151680+02:00",
      "updateAt": "2024-05-30T11:01:26.151680+02:00"
    }
  },
  {
    "model": "BackendTennis.NavigationItem",
    "pk": "3ef214bc-f996-4a48-9c0c-34290c197c7e",
    "fields": {
      "id": "3ef214bc-f996-4a48-9c0c-34290c197c7e",
      "title": "Terrains",
      "description": "Redirection FFT Réservation Terrains",
      "image": null,
      "route": "f2004859-1825-4501-b9a3-e7e249916715",
      "navBarRender": "29492463-6c2c-4128-bd29-07b5b930180b",
      "pageRenders": [
        "7b6d520d-6996-4e88-bc46-7c707dcabb49"
      ],
      "childrenNavigationItems": [],
      "enabled": true,
      "createAt": "2024-05-30T11:01:26.151680+02:00",
      "updateAt": "2024-05-30T11:01:26.151680+02:00"
    }
  },
  {
    "model": "BackendTennis.Render",
    "pk": "0b9367c1-3e83-41c7-8358-62386c1bb9bb",
    "fields": {
      "id": "0b9367c1-3e83-41c7-8358-62386c1bb9bb",
      "order": 1,
      "navBarPosition": "right",
      "visible": true,
      "type": "nav_bar",
      "isButton": false,
      "createAt": "2024-05-30T11:01:26.151680+02:00",
      "updateAt": "2024-05-30T11:01:26.151680+02:00"
    }
  },
  {
    "model": "BackendTennis.Render",
    "pk": "3b700336-a020-444f-9eb1-dcef593036b9",
    "fields": {
      "id": "3b700336-a020-444f-9eb1-dcef593036b9",
      "order": 1,
      "navBarPosition": "right",
      "visible": true,
      "type": "home_page",
      "color": "#0B103E33",
      "isButton": false,
      "createAt": "2024-05-30T11:01:26.151680+02:00",
      "updateAt": "2024-05-30T11:01:26.151680+02:00"
    }
  },
  {
    "model": "BackendTennis.PageRender",
    "pk": "8320ee2b-af8e-4662-ab11-acbf2ed78f98",
    "fields": {
      "id": "8320ee2b-af8e-4662-ab11-acbf2ed78f98",
      "route": "84b1cb57-6296-4281-94da-b7084d00f4e7",
      "render": "3b700336-a020-444f-9eb1-dcef593036b9",
      "createAt": "2024-05-30T11:01:26.151680+02:00",
      "updateAt": "2024-05-30T11:01:26.151680+02:00"
    }
  },
  {
    "model": "BackendTennis.NavigationItem",
    "pk": "dee4e3c7-d9af-4fa7-a330-e60148279706",
    "fields": {
      "id": "dee4e3c7-d9af-4fa7-a330-e60148279706",
      "title": "Salles",
      "description": "Page Réservation salle du tennis",
      "route": "84b1cb57-6296-4281-94da-b7084d00f4e7",
      "navBarRender": "0b9367c1-3e83-41c7-8358-62386c1bb9bb",
      "pageRenders": [
        "8320ee2b-af8e-4662-ab11-acbf2ed78f98"
      ],
      "childrenNavigationItems": [],
      "enabled": true,
      "createAt": "2024-05-30T11:01:26.151680+02:00",
      "updateAt": "2024-05-30T11:01:26.151680+02:00"
    }
  },
  {
    "model": "BackendTennis.Render",
    "pk": "6cf6562d-5007-4dd4-be44-182c8d879f92",
    "fields": {
      "id": "6cf6562d-5007-4dd4-be44-182c8d879f92",
      "order": 1,
      "navBarPosition": "right",
      "visible": true,
      "type": "nav_bar",
      "isButton": false,
      "createAt": "2024-05-30T11:01:26.151680+02:00",
      "updateAt": "2024-05-30T11:01:26.151680+02:00"
    }
  },
  {
    "model": "BackendTennis.Render",
    "pk": "abd7ed25-ed2e-4d99-980e-b3e8b4916402",
    "fields": {
      "id": "abd7ed25-ed2e-4d99-980e-b3e8b4916402",
      "order": 1,
      "navBarPosition": "right",
      "visible": true,
      "type": "home_page",
      "isButton": false,
      "createAt": "2024-05-30T11:01:26.151680+02:00",
      "updateAt": "2024-05-30T11:01:26.151680+02:00"
    }
  },
  {
    "model": "BackendTennis.PageRender",
    "pk": "4feab06b-c7a1-4649-acc8-e358ee6da422",
    "fields": {
      "id": "4feab06b-c7a1-4649-acc8-e358ee6da422",
      "route": "84b1cb57-6296-4281-94da-b7084d00f4e7",
      "render": "abd7ed25-ed2e-4d99-980e-b3e8b4916402",
      "createAt": "2024-05-30T11:01:26.151680+02:00",
      "updateAt": "2024-05-30T11:01:26.151680+02:00"
    }
  },
  {
    "model": "BackendTennis.NavigationItem",
    "pk": "c9e86c1d-8565-4ab4-97dc-41fdc8a8ffd9",
    "fields": {
      "id": "c9e86c1d-8565-4ab4-97dc-41fdc8a8ffd9",
      "title": "Réservation",
      "description": "Réservation",
      "image": "78b7dc52-bf1b-446e-8261-2a5fb5f3070a",
      "route": null,
      "navBarRender": "6cf6562d-5007-4dd4-be44-182c8d879f92",
      "pageRenders": [
        "4feab06b-c7a1-4649-acc8-e358ee6da422"
      ],
      "childrenNavigationItems": [
        "3ef214bc-f996-4a48-9c0c-34290c197c7e",
        "dee4e3c7-d9af-4fa7-a330-e60148279706"
      ],
      "enabled": true,
      "createAt": "2024-05-30T11:01:26.151680+02:00",
      "updateAt": "2024-05-30T11:01:26.151680+02:00"
    }
  },
  {
    "model": "BackendTennis.Render",
    "pk": "62bc73cc-8594-431e-9a1a-0d3c8f22f0fc",
    "fields": {
      "id": "62bc73cc-8594-431e-9a1a-0d3c8f22f0fc",
      "order": 0,
      "navBarPosition": "right",
      "visible": true,
      "type": "nav_bar",
      "isButton": false,
      "createAt": "2024-05-30T11:01:26.151680+02:00",
      "updateAt": "2024-05-30T11:01:26.151680+02:00"
    }
  },
  {
    "model": "BackendTennis.Render",
    "pk": "074afad9-f2db-4525-a767-7611ce03b6af",
    "fields": {
      "id": "074afad9-f2db-4525-a767-7611ce03b6af",
      "order": 0,
      "navBarPosition": "right",
      "visible": true,
      "type": "home_page",
      "isButton": false,
      "createAt": "2024-05-30T11:01:26.151680+02:00",
      "updateAt": "2024-05-30T11:01:26.151680+02:00"
    }
  },
  {
    "model": "BackendTennis.PageRender",
    "pk": "0de3d038-6243-446c-a7b7-263c4e3e3fa5",
    "fields": {
      "id": "0de3d038-6243-446c-a7b7-263c4e3e3fa5",
      "route": "dec997fe-70bf-4bcb-a2dc-ca935e4d46ab",
      "render": "074afad9-f2db-4525-a767-7611ce03b6af",
      "createAt": "2024-05-30T11:01:26.151680+02:00",
      "updateAt": "2024-05-30T11:01:26.151680+02:00"
    }
  },
  {
    "model": "BackendTennis.NavigationItem",
    "pk": "7c66b922-dd69-4239-a7ef-8dda461908d4",
    "fields": {
      "id": "7c66b922-dd69-4239-a7ef-8dda461908d4",
      "title": "Contact",
      "description": "Page de Contact",
      "image": "686d900d-7812-4eb0-a352-c349c9632370",
      "route": "dec997fe-70bf-4bcb-a2dc-ca935e4d46ab",
      "navBarRender": "62bc73cc-8594-431e-9a1a-0d3c8f22f0fc",
      "pageRenders": [
        "0de3d038-6243-446c-a7b7-263c4e3e3fa5"
      ],
      "childrenNavigationItems": [],
      "enabled": true,
      "createAt": "2024-05-30T11:01:26.151680+02:00",
      "updateAt": "2024-05-30T11:01:26.151680+02:00"
    }
  },
  {
    "model": "BackendTennis.Render",
    "pk": "ce86bc99-4327-41e2-83b9-de66a1fdbff1",
    "fields": {
      "id": "ce86bc99-4327-41e2-83b9-de66a1fdbff1",
      "order": 2,
      "navBarPosition": "right",
      "visible": true,
      "type": "nav_bar",
      "isButton": true,
      "createAt": "2024-05-30T11:01:26.151680+02:00",
      "updateAt": "2024-05-30T11:01:26.151680+02:00"
    }
  },
  {
    "model": "BackendTennis.Render",
    "pk": "43fd3e8e-4d45-4bf7-812a-b7631e53031b",
    "fields": {
      "id": "43fd3e8e-4d45-4bf7-812a-b7631e53031b",
      "order": 2,
      "navBarPosition": "right",
      "visible": true,
      "type": "home_page",
      "isButton": true,
      "createAt": "2024-05-30T11:01:26.151680+02:00",
      "updateAt": "2024-05-30T11:01:26.151680+02:00"
    }
  },
  {
    "model": "BackendTennis.NavigationItem",
    "pk": "647c8f24-f5d2-40e7-9452-539cb1dbc730",
    "fields": {
      "id": "647c8f24-f5d2-40e7-9452-539cb1dbc730",
      "title": "Se connecter",
      "description": "Page de Connexion",
      "image": null,
      "route": "c50fad6e-e57b-478a-a56c-01f5774a90f9",
      "navBarRender": "ce86bc99-4327-41e2-83b9-de66a1fdbff1",
      "pageRenders": [],
      "childrenNavigationItems": [],
      "enabled": true,
      "createAt": "2024-05-30T11:01:26.151680+02:00",
      "updateAt": "2024-05-30T11:01:26.151680+02:00"
    }
  },
  {
    "model": "BackendTennis.Render",
    "pk": "f5764755-e36b-46d8-b36d-60592be67f93",
    "fields": {
      "id": "f5764755-e36b-46d8-b36d-60592be67f93",
      "order": 3,
      "navBarPosition": "right",
      "visible": true,
      "type": "nav_bar",
      "isButton": true,
      "createAt": "2024-05-30T11:01:26.151680+02:00",
      "updateAt": "2024-05-30T11:01:26.151680+02:00"
    }
  },
  {
    "model": "BackendTennis.Render",
    "pk": "308e750c-10ea-4b83-a408-14f04326142b",
    "fields": {
      "id": "308e750c-10ea-4b83-a408-14f04326142b",
      "order": 3,
      "navBarPosition": "right",
      "visible": true,
      "type": "home_page",
      "isButton": true,
      "createAt": "2024-05-30T11:01:26.151680+02:00",
      "updateAt": "2024-05-30T11:01:26.151680+02:00"
    }
  },
  {
    "model": "BackendTennis.NavigationItem",
    "pk": "15a3cb68-9881-473f-a902-4e1e1a4e479c",
    "fields": {
      "id": "15a3cb68-9881-473f-a902-4e1e1a4e479c",
      "title": "S'inscrire",
      "description": "Page d'inscription",
      "image": null,
      "route": "e26f9408-1d90-4d5a-83b7-2f03e01e7194",
      "navBarRender": "f5764755-e36b-46d8-b36d-60592be67f93",
      "pageRenders": [],
      "childrenNavigationItems": [],
      "enabled": true,
      "createAt": "2024-05-30T11:01:26.151680+02:00",
      "updateAt": "2024-05-30T11:01:26.151680+02:00"
    }
  }
]